{"name":"312f576c-e56f-4438-8b54-c8592af85d88","id":"/providers/Microsoft.Flow/flows/312f576c-e56f-4438-8b54-c8592af85d88","type":"Microsoft.Flow/flows","properties":{"apiId":"/providers/Microsoft.PowerApps/apis/shared_logicflows","displayName":"Demo Training","definition":{"metadata":{"workflowEntityId":null,"processAdvisorMetadata":null,"flowChargedByPaygo":null,"flowclientsuspensionreason":"None","flowclientsuspensiontime":null,"flowclientsuspensionreasondetails":null,"creator":{"id":"f6615970-5c62-4bf0-bf28-2f3188d34fbe","type":"User","tenantId":"f8a46a38-2d3d-4672-ae57-34e8f266feb4"},"provisioningMethod":"FromDefinition","failureAlertSubscription":true,"clientLastModifiedTime":"2023-11-08T20:23:10.8144982Z","connectionKeySavedTimeKey":"2023-11-08T20:23:10.8144982Z"},"$schema":"https://schema.management.azure.com/providers/Microsoft.Logic/schemas/2016-06-01/workflowdefinition.json#","contentVersion":"1.0.0.0","parameters":{"$connections":{"defaultValue":{},"type":"Object"},"$authentication":{"defaultValue":{},"type":"SecureObject"}},"triggers":{"When_a_new_response_is_submitted":{"splitOn":"@triggerOutputs()?['body/value']","metadata":{"operationMetadataId":"86ae55a8-c455-46dd-a595-65da50044671"},"type":"OpenApiConnectionWebhook","inputs":{"host":{"apiId":"/providers/Microsoft.PowerApps/apis/shared_microsoftforms","connectionName":"shared_microsoftforms","operationId":"CreateFormWebhook"},"parameters":{"form_id":"OGqk-D0tckauVzTo8mb-tHBZYfZiXPBLvygvMYjTT75UMVk0QzRVS041U0g5T05OUzRCWldUNVE4Ui4u"},"authentication":"@parameters('$authentication')"}}},"actions":{"Get_response_details":{"runAfter":{},"metadata":{"operationMetadataId":"c76fe85b-77bb-4af9-a3a9-369486e97d6e"},"type":"OpenApiConnection","inputs":{"host":{"apiId":"/providers/Microsoft.PowerApps/apis/shared_microsoftforms","connectionName":"shared_microsoftforms","operationId":"GetFormResponseById"},"parameters":{"form_id":"OGqk-D0tckauVzTo8mb-tHBZYfZiXPBLvygvMYjTT75UMVk0QzRVS041U0g5T05OUzRCWldUNVE4Ui4u","response_id":"@triggerOutputs()?['body/resourceData/responseId']"},"authentication":"@parameters('$authentication')"}},"Create_item":{"runAfter":{"Get_user_profile_(V2)":["Succeeded"]},"metadata":{"operationMetadataId":"188100bc-4290-47a7-89b0-93edfdae59c5"},"type":"OpenApiConnection","inputs":{"host":{"apiId":"/providers/Microsoft.PowerApps/apis/shared_sharepointonline","connectionName":"shared_sharepointonline","operationId":"PostItem"},"parameters":{"dataset":"https://nortonrosefulbrightsa-my.sharepoint.com/personal/innocent_rathogwa_nortonrosefulbright_com/","table":"bdce0536-55b2-4545-bcfc-1f9588c335ee","item/Title":"@triggerOutputs()?['body/resourceData/responseId']","item/EmployeeName":"@outputs('Get_user_profile_(V2)')?['body/displayName']","item/EmployeeEmail":"@outputs('Get_response_details')?['body/responder']","item/DateSubmitted":"@outputs('Get_response_details')?['body/submitDate']","item/OData__x0051_A1":"@outputs('Get_response_details')?['body/r722a78e892784c2aad362a412439859f']","item/OData__x0051_A2":"@outputs('Get_response_details')?['body/r23112616cefd4ad99c8049bfc5ee06bd']","item/OData__x0051_A3":"@outputs('Get_response_details')?['body/r6c9f0aeb579748c3912b2dd439872cdf']","item/OData__x0051_A4":"@outputs('Get_response_details')?['body/reae525f0ad9e4e4e8f529713d5ff3249']","item/OData__x0051_A5":"@outputs('Get_response_details')?['body/rc225649b953b48d9aad32bfab03dd8bd']"},"authentication":"@parameters('$authentication')"}},"Get_user_profile_(V2)":{"runAfter":{"Get_response_details":["Succeeded"]},"metadata":{"operationMetadataId":"b246feb5-8a46-4373-becd-738e8f022785"},"type":"OpenApiConnection","inputs":{"host":{"apiId":"/providers/Microsoft.PowerApps/apis/shared_office365users","connectionName":"shared_office365users","operationId":"UserProfile_V2"},"parameters":{"id":"@outputs('Get_response_details')?['body/responder']"},"authentication":"@parameters('$authentication')"}},"Condition":{"actions":{"Successful_email":{"runAfter":{},"metadata":{"operationMetadataId":"bf8a5e84-0c84-4097-b2d3-86935147c1a4"},"type":"OpenApiConnection","inputs":{"host":{"apiId":"/providers/Microsoft.PowerApps/apis/shared_office365","connectionName":"shared_office365","operationId":"SendEmailV2"},"parameters":{"emailMessage/To":"@outputs('Get_response_details')?['body/responder']","emailMessage/Subject":"Your Assessment Result: @{outputs('Get_user_profile_(V2)')?['body/displayName']}","emailMessage/Body":"<p>Hi @{outputs('Get_user_profile_(V2)')?['body/displayName']},<br>\n<br>\nCongratulations on completing your Dummy Training.<br>\n<br>\nAttached is your certifcate.<br>\n<br>\nRegards,<br>\nLMS Bot.</p>","emailMessage/Attachments":[{"Name":"@outputs('Convert_file')?['headers/x-ms-file-name']","ContentBytes":"@body('Convert_file')"}],"emailMessage/Importance":"Normal"},"authentication":"@parameters('$authentication')"}}},"runAfter":{"Convert_file":["Succeeded"]},"else":{"actions":{"Not_Successful_attempt":{"runAfter":{},"metadata":{"operationMetadataId":"c215f86b-0d51-4766-8f3c-24b6ec17e5af"},"type":"OpenApiConnection","inputs":{"host":{"apiId":"/providers/Microsoft.PowerApps/apis/shared_office365","connectionName":"shared_office365","operationId":"SendEmailV2"},"parameters":{"emailMessage/To":"@outputs('Get_response_details')?['body/responder']","emailMessage/Subject":"Your Assessment Result: @{outputs('Get_user_profile_(V2)')?['body/displayName']}","emailMessage/Body":"<p>Hi @{outputs('Get_user_profile_(V2)')?['body/displayName']},<br>\n<br>\nYour Dummy Training attempt was not successful.<br>\n<br>\nRegards,<br>\nLMS Bot.</p>","emailMessage/Importance":"Normal"},"authentication":"@parameters('$authentication')"}}}},"expression":{"equals":["@outputs('Create_item')?['body/Results']","Pass"]},"metadata":{"operationMetadataId":"328d6f25-53e9-46bb-b9ca-237e8ba5830a"},"type":"If"},"Copy_file":{"runAfter":{"Create_item":["Succeeded"]},"metadata":{"%252fDocuments%252fcertificate_completion.docx":"/Documents/certificate_completion.docx","operationMetadataId":"ef185f88-2513-4cb1-9530-6d21a0a23fed"},"type":"OpenApiConnection","inputs":{"host":{"apiId":"/providers/Microsoft.PowerApps/apis/shared_sharepointonline","connectionName":"shared_sharepointonline","operationId":"CopyFileAsync"},"parameters":{"dataset":"https://nortonrosefulbrightsa-my.sharepoint.com/personal/innocent_rathogwa_nortonrosefulbright_com","parameters/sourceFileId":"%252fDocuments%252fcertificate_completion.docx","parameters/destinationDataset":"https://nortonrosefulbrightsa.sharepoint.com/sites/GPMSDBA","parameters/destinationFolderPath":"/Do Not Use","parameters/nameConflictBehavior":1},"authentication":"@parameters('$authentication')"}},"Update_file_properties":{"runAfter":{"Copy_file":["Succeeded"]},"metadata":{"operationMetadataId":"172bc63b-0a7b-47d7-bbb4-8aa744aa8daa"},"type":"OpenApiConnection","inputs":{"host":{"apiId":"/providers/Microsoft.PowerApps/apis/shared_sharepointonline","connectionName":"shared_sharepointonline","operationId":"PatchFileItem"},"parameters":{"dataset":"https://nortonrosefulbrightsa.sharepoint.com/sites/GPMSDBA","table":"6ef503ba-eb94-4737-a084-734fd6d61e84","id":"@outputs('Copy_file')?['body/ItemId']","item/ParticipantsName":"@outputs('Get_user_profile_(V2)')?['body/displayName']"},"authentication":"@parameters('$authentication')"}},"Get_file_content":{"runAfter":{"Update_file_properties":["Succeeded"]},"metadata":{"operationMetadataId":"cf84ae72-0cd5-4248-b14c-4884d2d101f5"},"type":"OpenApiConnection","inputs":{"host":{"apiId":"/providers/Microsoft.PowerApps/apis/shared_sharepointonline","connectionName":"shared_sharepointonline","operationId":"GetFileContent"},"parameters":{"dataset":"https://nortonrosefulbrightsa.sharepoint.com/sites/GPMSDBA","id":"@outputs('Copy_file')?['body/Id']","inferContentType":true},"authentication":"@parameters('$authentication')"}},"Create_file":{"runAfter":{"Get_file_content":["Succeeded"]},"metadata":{"operationMetadataId":"d527be4f-eaaf-4f97-add1-0b084e63a048"},"type":"OpenApiConnection","inputs":{"host":{"apiId":"/providers/Microsoft.PowerApps/apis/shared_onedriveforbusiness","connectionName":"shared_onedriveforbusiness","operationId":"CreateFile"},"parameters":{"folderPath":"/","name":"Cerificate_@{outputs('Get_user_profile_(V2)')?['body/displayName']}.docx","body":"@body('Get_file_content')"},"authentication":"@parameters('$authentication')"},"runtimeConfiguration":{"contentTransfer":{"transferMode":"Chunked"}}},"Convert_file":{"runAfter":{"Create_file":["Succeeded"]},"metadata":{"operationMetadataId":"a7782376-63dd-4d22-868d-db91f6698de2"},"type":"OpenApiConnection","inputs":{"host":{"apiId":"/providers/Microsoft.PowerApps/apis/shared_onedriveforbusiness","connectionName":"shared_onedriveforbusiness","operationId":"ConvertFile"},"parameters":{"id":"@outputs('Create_file')?['body/Id']","type":"PDF"},"authentication":"@parameters('$authentication')"}}}},"connectionReferences":{"shared_microsoftforms":{"connectionName":"shared-microsoftform-3436dd1f-84bc-4a3b-8b24-7b9eb0c614d1","source":"Embedded","id":"/providers/Microsoft.PowerApps/apis/shared_microsoftforms","tier":"NotSpecified"},"shared_sharepointonline":{"connectionName":"723136ddc9564734b3f4346ed8c7bfcb","source":"Embedded","id":"/providers/Microsoft.PowerApps/apis/shared_sharepointonline","tier":"NotSpecified"},"shared_office365users":{"connectionName":"fa084c71a3004667bfbf5398e88ec47f","source":"Embedded","id":"/providers/Microsoft.PowerApps/apis/shared_office365users","tier":"NotSpecified"},"shared_office365":{"connectionName":"shared-office365-bff1e0d4-95a6-4391-804f-3f7127ba948f","source":"Embedded","id":"/providers/Microsoft.PowerApps/apis/shared_office365","tier":"NotSpecified"},"shared_onedriveforbusiness":{"connectionName":"6752438d27034e6d95cee693bfe2533a","source":"Embedded","id":"/providers/Microsoft.PowerApps/apis/shared_onedriveforbusiness","tier":"NotSpecified"}},"flowFailureAlertSubscribed":false,"isManaged":false}}